No.;Read at;SI-Card;St no;Cat.;First name;Name;Club;Country;Sex;Year-op;Email;mobile;City;Street;Zip;CL_CN;CL_DOW;CL_time;CH_CN;CH_DOW;CH_time;ST_CN;ST_DOW;ST_time;FI_CN;FI_DOW;FI_time;No. of punches;1.CN;1.DOW;1.Time;2.CN;2.DOW;2.Time;3.CN;3.DOW;3.Time;4.CN;4.DOW;4.Time;5.CN;5.DOW;5.Time;6.CN;6.DOW;6.Time;7.CN;7.DOW;7.Time;8.CN;8.DOW;8.Time;9.CN;9.DOW;9.Time;10.CN;10.DOW;10.Time;11.CN;11.DOW;11.Time;12.CN;12.DOW;12.Time;13.CN;13.DOW;13.Time;14.CN;14.DOW;14.Time;15.CN;15.DOW;15.Time;16.CN;16.DOW;16.Time;17.CN;17.DOW;17.Time;18.CN;18.DOW;18.Time;19.CN;19.DOW;19.Time;20.CN;20.DOW;20.Time;21.CN;21.DOW;21.Time;22.CN;22.DOW;22.Time;23.CN;23.DOW;23.Time;24.CN;24.DOW;24.Time;25.CN;25.DOW;25.Time;26.CN;26.DOW;26.Time;27.CN;27.DOW;27.Time;28.CN;28.DOW;28.Time;
1;07/06/2014 11:31:00;503190;0;;SATURNE;PROD;;;;;;;;;;76;Sa;07:56:54;53;Sa;07:56:57;;;;1;Sa;11:30:43;26;31;Sa;08:14:02;32;Sa;08:16:55;33;Sa;08:25:50;34;Sa;08:37:02;35;Sa;08:40:40;36;Sa;08:55:10;37;Sa;08:59:11;42;Sa;09:04:26;38;Sa;09:08:51;39;Sa;09:10:41;40;Sa;09:15:09;41;Sa;09:17:11;43;Sa;09:17:55;44;Sa;09:29:00;46;Sa;09:32:31;49;Sa;09:34:50;50;Sa;09:51:45;51;Sa;10:06:37;52;Sa;10:23:40;53;Sa;10:32:55;54;Sa;10:35:47;55;Sa;10:48:35;56;Sa;11:06:01;57;Sa;11:12:23;58;Sa;11:18:47;59;Sa;11:26:39;;;;;;;
2;07/06/2014 11:44:08;503421;0;;SATURNE;PROD;;;;;;;;;;35;Sa;07:45:45;77;Sa;07:45:49;;;;1;Sa;11:44:00;25;31;Sa;08:14:27;32;Sa;08:17:17;33;Sa;08:26:36;34;Sa;08:36:50;35;Sa;08:41:26;36;Sa;08:56:11;37;Sa;09:00:08;42;Sa;09:05:15;38;Sa;09:09:55;39;Sa;09:11:36;40;Sa;09:17:29;41;Sa;09:20:14;43;Sa;09:21:04;44;Sa;09:35:53;49;Sa;09:44:44;50;Sa;10:07:42;51;Sa;10:23:40;52;Sa;10:42:39;53;Sa;10:52:58;54;Sa;10:56:13;55;Sa;11:08:02;56;Sa;11:23:33;57;Sa;11:28:42;58;Sa;11:34:20;59;Sa;11:41:07;;;;;;;;;;
3;07/06/2014 11:44:58;503427;0;;SATURNE;PROD;;;;;;;;;;76;Sa;07:56:36;53;Sa;07:56:41;;;;1;Sa;11:44:11;25;31;Sa;08:13:19;32;Sa;08:16:27;33;Sa;08:23:55;34;Sa;08:34:54;35;Sa;08:38:56;36;Sa;08:52:29;37;Sa;08:56:38;42;Sa;09:01:56;38;Sa;09:08:27;39;Sa;09:10:14;40;Sa;09:14:54;41;Sa;09:17:08;43;Sa;09:17:56;44;Sa;09:30:46;46;Sa;09:35:56;49;Sa;09:38:22;50;Sa;10:06:00;51;Sa;10:21:06;52;Sa;10:38:32;53;Sa;10:48:35;54;Sa;10:51:58;55;Sa;11:05:14;57;Sa;11:27:37;58;Sa;11:34:00;59;Sa;11:41:11;;;;;;;;;;
4;07/06/2014 11:46:13;503448;0;;SATURNE;PROD;;;;;;;;;;35;Sa;07:48:57;77;Sa;07:49:10;;;;1;Sa;11:45:26;25;31;Sa;08:13:38;32;Sa;08:16:35;33;Sa;08:24:59;34;Sa;08:37:08;35;Sa;08:41:17;36;Sa;08:57:55;37;Sa;09:05:22;38;Sa;09:14:16;39;Sa;09:16:48;40;Sa;09:21:24;41;Sa;09:23:55;43;Sa;09:25:58;44;Sa;09:42:15;45;Sa;09:52:26;49;Sa;09:53:39;50;Sa;10:08:17;51;Sa;10:24:09;52;Sa;10:41:57;53;Sa;10:52:07;54;Sa;10:55:31;55;Sa;11:01:39;56;Sa;11:21:44;57;Sa;11:27:50;58;Sa;11:34:11;59;Sa;11:42:08;;;;;;;;;;
5;07/06/2014 11:51:11;503416;0;;SATURNE;PROD;;;;;;;;;;76;Sa;07:43:58;53;Sa;07:44:03;;;;1;Sa;11:50:58;27;31;Sa;08:14:47;32;Sa;08:17:43;33;Sa;08:25:56;34;Sa;08:37:00;35;Sa;08:41:15;36;Sa;08:57:27;37;Sa;09:03:05;37;Sa;09:03:23;42;Sa;09:08:33;38;Sa;09:14:22;39;Sa;09:16:32;40;Sa;09:22:11;41;Sa;09:24:16;43;Sa;09:25:07;44;Sa;09:38:20;46;Sa;09:45:43;49;Sa;09:47:36;50;Sa;10:10:42;51;Sa;10:26:38;52;Sa;10:46:46;53;Sa;10:58:13;54;Sa;11:00:59;55;Sa;11:10:48;56;Sa;11:27:56;57;Sa;11:34:55;58;Sa;11:40:49;59;Sa;11:48:05;;;;
6;07/06/2014 11:51:32;503459;0;;SATURNE;PROD;;;;;;;;;;76;Sa;07:48:52;53;Sa;07:48:58;;;;1;Sa;11:51:20;26;31;Sa;08:13:40;32;Sa;08:16:47;33;Sa;08:25:44;34;Sa;08:37:45;35;Sa;08:41:50;36;Sa;08:58:19;37;Sa;09:02:38;42;Sa;09:08:30;38;Sa;09:15:42;39;Sa;09:18:29;40;Sa;09:23:42;41;Sa;09:25:51;43;Sa;09:26:38;44;Sa;09:37:43;45;Sa;09:43:59;49;Sa;09:45:28;50;Sa;10:12:35;51;Sa;10:29:15;52;Sa;10:46:53;53;Sa;10:56:34;54;Sa;10:59:46;55;Sa;11:11:49;56;Sa;11:29:14;57;Sa;11:34:48;58;Sa;11:40:57;59;Sa;11:48:20;;;;;;;
7;07/06/2014 11:52:04;503147;0;;SATURNE;PROD;;;;;;;;;;35;Sa;07:54:34;77;Sa;07:54:38;;;;1;Sa;11:51:32;25;31;Sa;08:15:28;32;Sa;08:18:13;33;Sa;08:28:40;34;Sa;08:41:10;35;Sa;08:44:59;36;Sa;09:08:58;37;Sa;09:16:08;38;Sa;09:22:05;39;Sa;09:24:04;40;Sa;09:28:41;41;Sa;09:30:48;43;Sa;09:31:37;44;Sa;09:43:31;47;Sa;09:48:44;49;Sa;09:49:51;50;Sa;10:03:04;51;Sa;10:21:37;52;Sa;10:40:25;53;Sa;10:51:22;54;Sa;10:55:17;55;Sa;11:06:55;56;Sa;11:24:17;57;Sa;11:34:36;58;Sa;11:40:54;59;Sa;11:48:26;;;;;;;;;;
8;07/06/2014 11:52:55;503401;0;;SATURNE;PROD;;;;;;;;;;76;Sa;07:55:21;53;Sa;07:55:27;;;;1;Sa;11:52:44;26;31;Sa;08:14:55;32;Sa;08:18:32;33;Sa;08:28:37;34;Sa;08:41:52;34;Sa;08:42:10;35;Sa;08:46:15;36;Sa;09:02:53;37;Sa;09:07:46;42;Sa;09:14:17;38;Sa;09:21:13;39;Sa;09:23:10;40;Sa;09:28:32;41;Sa;09:30:44;43;Sa;09:31:35;44;Sa;09:43:52;45;Sa;09:48:53;46;Sa;09:49:00;49;Sa;09:50:37;50;Sa;10:05:10;51;Sa;10:22:40;53;Sa;10:43:13;54;Sa;10:47:05;55;Sa;11:00:33;56;Sa;11:20:19;57;Sa;11:32:43;59;Sa;11:49:00;;;;;;;
9;07/06/2014 11:53:52;503164;0;;SATURNE;PROD;;;;;;;;;;76;Sa;07:52:23;53;Sa;07:52:27;;;;1;Sa;11:53:41;26;31;Sa;08:14:26;32;Sa;08:17:31;33;Sa;08:27:24;34;Sa;08:39:04;35;Sa;08:42:27;36;Sa;08:59:52;37;Sa;09:04:17;42;Sa;09:10:05;38;Sa;09:14:48;39;Sa;09:16:27;40;Sa;09:20:59;41;Sa;09:23:00;43;Sa;09:23:44;44;Sa;09:35:00;48;Sa;09:37:56;49;Sa;09:40:40;50;Sa;10:07:03;51;Sa;10:23:54;52;Sa;10:43:54;53;Sa;10:55:00;54;Sa;10:58:31;55;Sa;11:12:43;56;Sa;11:30:30;57;Sa;11:36:29;58;Sa;11:42:36;59;Sa;11:50:18;;;;;;;
10;07/06/2014 11:54:02;503603;0;;SATURNE;PROD;;;;;;;;;;76;Sa;07:47:49;53;Sa;07:47:54;;;;1;Sa;11:53:45;26;31;Sa;08:15:08;32;Sa;08:17:51;33;Sa;08:27:39;34;Sa;08:39:19;35;Sa;08:42:30;36;Sa;08:58:13;37;Sa;09:03:26;42;Sa;09:09:41;38;Sa;09:15:26;39;Sa;09:18:25;40;Sa;09:23:52;41;Sa;09:26:01;43;Sa;09:26:48;44;Sa;09:37:30;46;Sa;09:44:43;49;Sa;09:47:23;50;Sa;10:06:10;51;Sa;10:21:32;52;Sa;10:40:08;53;Sa;10:51:12;54;Sa;10:54:33;55;Sa;11:11:18;56;Sa;11:27:39;57;Sa;11:35:58;58;Sa;11:42:49;59;Sa;11:51:21;;;;;;;
11;07/06/2014 11:56:22;503608;0;;SATURNE;PROD;;;;;;;;;;35;Sa;07:45:32;77;Sa;07:45:36;;;;1;Sa;11:56:12;26;31;Sa;08:14:04;32;Sa;08:16:58;33;Sa;08:24:58;34;Sa;08:37:30;35;Sa;08:41:43;36;Sa;08:57:05;37;Sa;09:02:57;42;Sa;09:09:59;38;Sa;09:18:19;39;Sa;09:19:54;40;Sa;09:25:45;41;Sa;09:28:00;43;Sa;09:29:02;44;Sa;09:42:09;47;Sa;09:48:06;49;Sa;09:49:44;50;Sa;10:07:44;51;Sa;10:23:17;52;Sa;10:40:44;53;Sa;10:50:25;54;Sa;10:53:49;55;Sa;11:03:35;56;Sa;11:23:12;57;Sa;11:30:18;58;Sa;11:39:04;59;Sa;11:52:49;;;;;;;
12;07/06/2014 12:00:59;503422;0;;SATURNE;PROD;;;;;;;;;;35;Sa;07:55:54;77;Sa;07:56:01;;;;1;Sa;12:00:50;26;31;Sa;08:14:00;32;Sa;08:17:28;33;Sa;08:27:13;34;Sa;08:38:24;35;Sa;08:42:19;36;Sa;08:58:37;37;Sa;09:03:15;42;Sa;09:09:33;38;Sa;09:14:44;39;Sa;09:16:37;40;Sa;09:22:04;41;Sa;09:24:23;43;Sa;09:25:17;44;Sa;09:36:37;46;Sa;09:41:45;49;Sa;09:44:57;50;Sa;10:10:49;51;Sa;10:26:41;52;Sa;10:45:38;53;Sa;10:56:42;54;Sa;10:59:54;55;Sa;11:11:54;56;Sa;11:30:36;57;Sa;11:39:21;58;Sa;11:46:46;59;Sa;11:57:25;;;;;;;
13;07/06/2014 12:01:47;503208;0;;SATURNE;PROD;;;;;;;;;;76;Sa;07:56:07;53;Sa;07:56:10;;;;1;Sa;12:01:02;26;31;Sa;08:13:06;32;Sa;08:15:58;33;Sa;08:31:00;34;Sa;08:41:28;35;Sa;08:45:14;36;Sa;08:59:48;37;Sa;09:03:19;42;Sa;09:08:09;39;Sa;09:11:12;38;Sa;09:14:32;40;Sa;09:23:47;41;Sa;09:25:48;43;Sa;09:26:34;44;Sa;09:37:28;45;Sa;09:55:45;49;Sa;09:57:36;50;Sa;10:26:02;51;Sa;10:41:16;52;Sa;10:57:16;53;Sa;11:06:33;54;Sa;11:09:45;55;Sa;11:22:44;56;Sa;11:39:04;57;Sa;11:44:00;58;Sa;11:51:00;59;Sa;11:58:36;;;;;;;
14;07/06/2014 12:03:11;504773;0;;SATURNE;PROD;;;;;;;;;;35;Sa;07:56:57;77;Sa;07:57:01;;;;1;Sa;12:02:24;26;31;Sa;08:16:09;32;Sa;08:19:05;33;Sa;08:29:00;34;Sa;08:40:54;35;Sa;08:44:40;36;Sa;09:00:29;37;Sa;09:04:35;42;Sa;09:12:08;38;Sa;09:18:54;39;Sa;09:20:37;40;Sa;09:25:27;41;Sa;09:27:37;43;Sa;09:28:40;44;Sa;09:40:17;45;Sa;09:47:56;49;Sa;09:50:00;50;Sa;10:15:03;51;Sa;10:32:14;52;Sa;10:51:56;53;Sa;11:03:18;54;Sa;11:06:48;55;Sa;11:19:06;56;Sa;11:37:29;57;Sa;11:43:05;58;Sa;11:51:06;59;Sa;11:59:43;;;;;;;
15;07/06/2014 12:03:46;503650;0;;SATURNE;PROD;;;;;;;;;;35;Sa;07:51:03;77;Sa;07:51:08;;;;1;Sa;12:03:41;25;31;Sa;08:14:37;32;Sa;08:17:43;33;Sa;08:27:23;34;Sa;08:42:26;35;Sa;08:47:13;36;Sa;09:07:28;37;Sa;09:12:15;38;Sa;09:19:42;39;Sa;09:21:52;40;Sa;09:27:14;41;Sa;09:29:45;43;Sa;09:30:35;44;Sa;09:45:04;46;Sa;09:56:50;49;Sa;09:59:21;50;Sa;10:18:01;51;Sa;10:34:45;52;Sa;10:53:49;53;Sa;11:04:24;54;Sa;11:07:39;55;Sa;11:15:46;56;Sa;11:35:30;57;Sa;11:43:27;58;Sa;11:51:38;59;Sa;11:59:53;;;;;;;;;;
16;07/06/2014 12:07:39;503639;0;;SATURNE;PROD;;;;;;;;;;35;Sa;07:49:15;77;Sa;07:49:22;;;;1;Sa;12:07:32;25;31;Sa;08:14:36;32;Sa;08:17:19;33;Sa;08:26:49;34;Sa;08:39:03;35;Sa;08:42:50;36;Sa;08:58:08;37;Sa;09:02:33;42;Sa;09:08:27;39;Sa;09:12:35;38;Sa;09:14:20;40;Sa;09:20:22;41;Sa;09:23:21;43;Sa;09:24:11;44;Sa;09:46:12;47;Sa;09:59:35;49;Sa;10:01:27;50;Sa;10:16:52;51;Sa;10:33:56;52;Sa;10:54:30;54;Sa;11:09:46;55;Sa;11:24:03;56;Sa;11:42:19;57;Sa;11:49:20;58;Sa;11:56:28;59;Sa;12:04:38;;;;;;;;;;
17;07/06/2014 12:08:29;503424;0;;SATURNE;PROD;;;;;;;;;;76;Sa;07:52:45;53;Sa;07:52:52;;;;1;Sa;12:08:14;26;31;Sa;08:14:53;32;Sa;08:17:45;33;Sa;08:27:06;34;Sa;08:38:22;35;Sa;08:42:10;36;Sa;08:56:26;37;Sa;09:00:59;42;Sa;09:07:46;38;Sa;09:14:13;39;Sa;09:16:42;40;Sa;09:21:19;41;Sa;09:23:23;43;Sa;09:24:19;44;Sa;09:36:21;47;Sa;09:41:51;49;Sa;09:45:10;50;Sa;10:12:06;51;Sa;10:29:01;52;Sa;10:47:49;53;Sa;10:59:03;54;Sa;11:02:39;55;Sa;11:15:30;56;Sa;11:34:07;57;Sa;11:49:33;58;Sa;11:56:47;59;Sa;12:05:00;;;;;;;
18;07/06/2014 12:11:55;503134;0;;SATURNE;PROD;;;;;;;;;;35;Sa;07:44:26;77;Sa;07:44:30;;;;1;Sa;12:11:39;26;31;Sa;08:15:03;32;Sa;08:18:23;33;Sa;08:27:59;34;Sa;08:41:39;35;Sa;08:45:52;36;Sa;09:06:17;37;Sa;09:10:39;42;Sa;09:18:45;38;Sa;09:23:42;39;Sa;09:25:08;40;Sa;09:30:26;41;Sa;09:32:30;43;Sa;09:33:28;44;Sa;09:46:51;47;Sa;09:59:59;49;Sa;10:01:45;50;Sa;10:18:15;51;Sa;10:35:01;52;Sa;10:54:41;53;Sa;11:06:26;54;Sa;11:10:32;55;Sa;11:22:06;56;Sa;11:42:59;57;Sa;11:50:35;58;Sa;11:58:41;59;Sa;12:08:07;;;;;;;
19;07/06/2014 12:17:53;503642;0;;SATURNE;PROD;;;;;;;;;;35;Sa;07:45:18;77;Sa;07:45:23;;;;1;Sa;12:17:39;24;31;Sa;08:15:19;32;Sa;08:18:35;33;Sa;08:29:16;34;Sa;08:42:23;35;Sa;08:47:07;36;Sa;09:08:06;37;Sa;09:13:27;38;Sa;09:20:45;39;Sa;09:22:49;40;Sa;09:28:45;41;Sa;09:31:17;43;Sa;09:32:15;44;Sa;09:45:38;48;Sa;10:01:11;49;Sa;10:05:04;50;Sa;10:36:05;51;Sa;10:53:59;53;Sa;11:13:02;54;Sa;11:16:50;55;Sa;11:28:21;56;Sa;11:49:46;57;Sa;11:57:28;58;Sa;12:04:29;59;Sa;12:14:07;;;;;;;;;;;;;
20;07/06/2014 12:19:17;503184;0;;SATURNE;PROD;;;;;;;;;;35;Sa;07:44:11;77;Sa;07:44:14;;;;1;Sa;12:19:02;26;31;Sa;08:15:07;32;Sa;08:18:24;33;Sa;08:30:48;34;Sa;08:42:45;35;Sa;08:47:02;36;Sa;09:03:19;37;Sa;09:07:35;42;Sa;09:12:57;38;Sa;09:20:41;39;Sa;09:22:39;40;Sa;09:27:51;41;Sa;09:29:57;43;Sa;09:30:48;44;Sa;09:43:46;48;Sa;09:51:58;49;Sa;09:54:37;50;Sa;10:18:17;51;Sa;10:34:11;52;Sa;10:53:58;53;Sa;11:06:45;54;Sa;11:09:49;55;Sa;11:23:46;56;Sa;11:44:53;57;Sa;11:59:12;58;Sa;12:06:28;59;Sa;12:16:07;;;;;;;
21;07/06/2014 12:19:58;503154;0;;SATURNE;PROD;;;;;;;;;;35;Sa;07:47:44;77;Sa;07:47:49;;;;1;Sa;12:19:50;25;31;Sa;08:15:21;32;Sa;08:18:37;33;Sa;08:28:46;34;Sa;08:41:18;35;Sa;08:45:51;36;Sa;09:06:07;37;Sa;09:10:24;38;Sa;09:19:27;39;Sa;09:21:28;40;Sa;09:27:43;41;Sa;09:30:02;43;Sa;09:30:57;44;Sa;09:43:57;47;Sa;09:52:35;49;Sa;09:55:20;50;Sa;10:24:32;51;Sa;10:43:32;52;Sa;11:03:33;53;Sa;11:15:31;54;Sa;11:19:04;55;Sa;11:31:44;56;Sa;11:52:26;57;Sa;11:59:54;58;Sa;12:07:45;59;Sa;12:16:54;;;;;;;;;;
22;07/06/2014 12:21:34;503181;0;;SATURNE;PROD;;;;;;;;;;76;Sa;07:56:00;53;Sa;07:56:06;;;;1;Sa;12:21:26;26;31;Sa;08:13:44;32;Sa;08:16:53;33;Sa;08:25:33;34;Sa;08:38:18;35;Sa;08:42:43;36;Sa;08:59:42;37;Sa;09:04:15;42;Sa;09:10:58;38;Sa;09:17:06;39;Sa;09:19:45;40;Sa;09:24:29;41;Sa;09:27:06;43;Sa;09:28:02;44;Sa;09:40:58;47;Sa;10:10:48;49;Sa;10:13:16;50;Sa;10:35:21;51;Sa;10:51:22;52;Sa;11:09:17;53;Sa;11:20:20;54;Sa;11:23:40;55;Sa;11:36:31;56;Sa;11:56:13;57;Sa;12:02:40;58;Sa;12:09:46;59;Sa;12:18:03;;;;;;;
23;07/06/2014 12:22:25;504780;0;;SATURNE;PROD;;;;;;;;;;35;Sa;07:52:58;77;Sa;07:53:03;;;;1;Sa;12:22:13;24;31;Sa;08:15:30;32;Sa;08:18:39;33;Sa;08:30:04;34;Sa;08:49:40;35;Sa;08:54:25;36;Sa;09:14:04;37;Sa;09:19:33;38;Sa;09:27:24;39;Sa;09:29:38;40;Sa;09:35:31;41;Sa;09:37:33;43;Sa;09:38:29;44;Sa;09:52:01;45;Sa;10:04:54;49;Sa;10:08:30;50;Sa;10:35:43;51;Sa;10:53:56;53;Sa;11:13:12;54;Sa;11:17:36;55;Sa;11:31:56;56;Sa;11:54:27;57;Sa;12:02:53;58;Sa;12:09:45;59;Sa;12:18:44;;;;;;;;;;;;;
24;07/06/2014 12:27:27;503606;0;;SATURNE;PROD;;;;;;;;;;35;Sa;07:43:21;77;Sa;07:43:24;;;;1;Sa;12:27:16;26;31;Sa;08:16:10;32;Sa;08:19:24;33;Sa;08:30:21;34;Sa;08:42:53;35;Sa;08:47:28;36;Sa;09:06:43;37;Sa;09:12:00;42;Sa;09:20:00;38;Sa;09:27:49;39;Sa;09:29:59;40;Sa;09:35:53;41;Sa;09:38:24;43;Sa;09:39:24;44;Sa;09:53:42;45;Sa;10:03:07;49;Sa;10:04:54;50;Sa;10:24:16;51;Sa;10:42:46;52;Sa;11:05:26;53;Sa;11:18:19;54;Sa;11:22:26;55;Sa;11:35:44;56;Sa;11:58:06;57;Sa;12:05:02;58;Sa;12:13:22;59;Sa;12:23:25;;;;;;;
25;07/06/2014 12:31:55;503451;0;;SATURNE;PROD;;;;;;;;;;76;Sa;07:52:38;53;Sa;07:52:45;;;;1;Sa;12:31:46;25;31;Sa;08:14:25;32;Sa;08:17:14;33;Sa;08:26:31;34;Sa;08:47:09;35;Sa;08:50:42;36;Sa;09:07:40;37;Sa;09:12:06;42;Sa;09:18:03;38;Sa;09:24:44;39;Sa;09:26:39;40;Sa;09:33:02;41;Sa;09:35:14;43;Sa;09:36:04;44;Sa;09:47:38;49;Sa;10:08:16;50;Sa;10:38:37;51;Sa;10:54:36;52;Sa;11:15:29;53;Sa;11:26:12;54;Sa;11:29:41;55;Sa;11:45:42;56;Sa;12:05:14;57;Sa;12:12:05;58;Sa;12:19:14;59;Sa;12:28:08;;;;;;;;;;
26;07/06/2014 12:34:03;503452;0;;SATURNE;PROD;;;;;;;;;;35;Sa;07:54:09;77;Sa;07:54:15;;;;1;Sa;12:33:46;25;31;Sa;08:15:18;32;Sa;08:18:30;33;Sa;08:27:50;34;Sa;08:41:00;35;Sa;08:45:29;36;Sa;09:07:34;37;Sa;09:12:28;38;Sa;09:19:45;39;Sa;09:22:00;40;Sa;09:27:31;41;Sa;09:29:52;43;Sa;09:30:52;44;Sa;09:44:07;46;Sa;09:52:56;49;Sa;09:55:10;50;Sa;10:21:22;51;Sa;10:38:40;52;Sa;10:58:17;53;Sa;11:10:37;54;Sa;11:14:56;55;Sa;11:29:49;56;Sa;11:49:52;57;Sa;12:13:26;58;Sa;12:20:49;59;Sa;12:29:57;;;;;;;;;;
27;07/06/2014 12:34:31;503115;0;;SATURNE;PROD;;;;;;;;;;35;Sa;07:49:34;77;Sa;07:49:38;;;;1;Sa;12:34:17;26;31;Sa;08:15:46;32;Sa;08:19:03;33;Sa;08:28:47;34;Sa;08:43:34;35;Sa;08:48:32;36;Sa;09:07:49;37;Sa;09:12:41;42;Sa;09:19:34;38;Sa;09:27:10;39;Sa;09:29:18;40;Sa;09:34:23;41;Sa;09:37:23;43;Sa;09:38:08;44;Sa;09:51:41;45;Sa;10:07:14;49;Sa;10:08:46;50;Sa;10:35:58;51;Sa;10:54:52;52;Sa;11:14:33;53;Sa;11:26:01;54;Sa;11:30:23;55;Sa;11:43:56;56;Sa;12:06:47;57;Sa;12:13:07;58;Sa;12:20:37;59;Sa;12:30:24;;;;;;;
28;07/06/2014 12:35:50;503209;0;;SATURNE;PROD;;;;;;;;;;35;Sa;07:45:24;53;Sa;07:45:29;;;;1;Sa;12:35:41;25;31;Sa;08:14:41;32;Sa;08:17:49;33;Sa;08:28:29;34;Sa;08:49:02;35;Sa;08:53:33;36;Sa;09:12:00;37;Sa;09:16:37;42;Sa;09:34:00;38;Sa;09:41:02;39;Sa;09:43:43;40;Sa;09:50:17;41;Sa;09:52:22;43;Sa;09:53:10;44;Sa;10:06:21;49;Sa;10:31:26;50;Sa;10:45:32;51;Sa;11:03:21;52;Sa;11:26:49;53;Sa;11:37:49;54;Sa;11:41:26;55;Sa;11:50:16;56;Sa;12:09:53;57;Sa;12:16:59;58;Sa;12:23:55;59;Sa;12:32:44;;;;;;;;;;
29;07/06/2014 12:36:36;503161;0;;SATURNE;PROD;;;;;;;;;;76;Sa;07:55:10;53;Sa;07:55:17;;;;1;Sa;12:36:12;25;31;Sa;08:17:21;32;Sa;08:21:02;33;Sa;08:31:28;34;Sa;08:45:45;35;Sa;08:50:36;36;Sa;09:08:45;37;Sa;09:15:39;42;Sa;09:23:48;38;Sa;09:31:45;39;Sa;09:33:55;40;Sa;09:41:12;41;Sa;09:43:55;43;Sa;09:45:05;44;Sa;10:00:29;46;Sa;10:15:24;49;Sa;10:17:01;50;Sa;10:39:59;51;Sa;11:00:10;53;Sa;11:21:56;54;Sa;11:26:14;55;Sa;11:39:04;56;Sa;12:03:35;57;Sa;12:12:29;58;Sa;12:21:05;59;Sa;12:32:16;;;;;;;;;;
30;07/06/2014 12:37:00;504785;0;;SATURNE;PROD;;;;;;;;;;35;Sa;07:50:38;77;Sa;07:50:57;;;;1;Sa;12:36:35;22;31;Sa;08:15:42;32;Sa;08:18:29;33;Sa;08:30:14;34;Sa;08:41:40;35;Sa;08:46:38;36;Sa;09:02:57;37;Sa;09:09:28;38;Sa;09:18:14;39;Sa;09:20:22;41;Sa;09:32:45;43;Sa;09:33:40;44;Sa;09:46:03;48;Sa;09:55:30;49;Sa;09:57:06;50;Sa;10:24:10;51;Sa;10:44:43;54;Sa;11:14:29;55;Sa;11:33:05;56;Sa;12:05:47;57;Sa;12:13:54;58;Sa;12:22:08;59;Sa;12:32:51;;;;;;;;;;;;;;;;;;;
31;07/06/2014 12:38:55;503430;0;;SATURNE;PROD;;;;;;;;;;76;Sa;07:53:30;53;Sa;07:53:34;;;;1;Sa;12:38:30;25;31;Sa;08:17:26;32;Sa;08:20:44;33;Sa;08:31:53;34;Sa;08:46:28;35;Sa;08:51:41;36;Sa;09:12:38;37;Sa;09:17:24;38;Sa;09:24:31;39;Sa;09:26:58;40;Sa;09:35:25;41;Sa;09:37:56;43;Sa;09:39:04;44;Sa;09:53:34;45;Sa;10:10:25;49;Sa;10:13:03;50;Sa;10:36:24;51;Sa;10:56:16;52;Sa;11:17:50;53;Sa;11:30:02;54;Sa;11:33:58;55;Sa;11:47:09;56;Sa;12:09:34;57;Sa;12:17:26;58;Sa;12:25:18;59;Sa;12:34:35;;;;;;;;;;
32;07/06/2014 12:39:14;503652;0;;SATURNE;PROD;;;;;;;;;;76;Sa;07:53:57;53;Sa;07:54:00;;;;1;Sa;12:38:52;26;31;Sa;08:14:51;32;Sa;08:17:51;33;Sa;08:27:27;34;Sa;08:40:40;35;Sa;08:45:18;36;Sa;09:05:54;37;Sa;09:10:47;42;Sa;09:19:56;38;Sa;09:28:28;39;Sa;09:30:30;40;Sa;09:35:49;41;Sa;09:38:40;43;Sa;09:40:01;44;Sa;09:54:27;45;Sa;10:13:15;49;Sa;10:15:41;50;Sa;10:38:26;51;Sa;10:56:21;52;Sa;11:16:29;53;Sa;11:28:46;54;Sa;11:33:00;55;Sa;11:45:44;56;Sa;12:08:30;57;Sa;12:17:44;58;Sa;12:25:30;59;Sa;12:34:44;;;;;;;
33;07/06/2014 12:39:41;503412;0;;SATURNE;PROD;;;;;;;;;;35;Sa;07:55:15;77;Sa;07:55:40;;;;1;Sa;12:39:00;26;31;Sa;08:17:43;32;Sa;08:21:17;33;Sa;08:32:06;34;Sa;08:45:25;35;Sa;08:50:19;36;Sa;09:09:06;37;Sa;09:13:34;42;Sa;09:21:39;38;Sa;09:29:50;39;Sa;09:32:25;40;Sa;09:37:56;41;Sa;09:40:08;43;Sa;09:41:01;44;Sa;09:54:43;46;Sa;10:13:31;49;Sa;10:17:17;50;Sa;10:42:01;51;Sa;11:00:22;52;Sa;11:23:03;53;Sa;11:36:25;54;Sa;11:40:23;55;Sa;11:52:06;56;Sa;12:12:54;57;Sa;12:19:52;58;Sa;12:27:19;59;Sa;12:35:59;;;;;;;
34;07/06/2014 12:41:51;503644;0;;SATURNE;PROD;;;;;;;;;;76;Sa;07:43:35;53;Sa;07:43:39;;;;1;Sa;12:41:26;26;31;Sa;08:14:03;32;Sa;08:17:15;33;Sa;08:27:53;34;Sa;08:39:09;35;Sa;08:43:11;36;Sa;09:03:07;37;Sa;09:07:29;42;Sa;09:14:59;38;Sa;09:22:44;39;Sa;09:24:55;40;Sa;09:30:34;41;Sa;09:32:49;43;Sa;09:33:55;44;Sa;09:46:05;47;Sa;09:56:17;49;Sa;09:59:55;50;Sa;10:52:03;51;Sa;11:08:50;52;Sa;11:27:45;53;Sa;11:38:38;54;Sa;11:42:33;55;Sa;11:55:55;56;Sa;12:15:42;57;Sa;12:22:57;58;Sa;12:29:29;59;Sa;12:38:18;;;;;;;
35;07/06/2014 12:42:59;503628;0;;SATURNE;PROD;;;;;;;;;;35;Sa;07:48:22;53;Sa;07:48:42;;;;1;Sa;12:42:32;25;31;Sa;08:15:01;32;Sa;08:18:02;33;Sa;08:30:44;34;Sa;08:43:05;35;Sa;08:47:06;36;Sa;09:06:04;37;Sa;09:10:03;42;Sa;09:19:59;38;Sa;09:27:54;39;Sa;09:29:49;40;Sa;09:34:58;41;Sa;09:37:19;43;Sa;09:38:18;44;Sa;09:53:29;45;Sa;10:18:28;49;Sa;10:20:09;50;Sa;10:45:37;51;Sa;11:04:56;53;Sa;11:26:07;54;Sa;11:31:21;55;Sa;11:47:41;56;Sa;12:13:37;57;Sa;12:22:49;58;Sa;12:31:04;59;Sa;12:39:36;;;;;;;;;;
36;07/06/2014 12:43:13;503166;0;;SATURNE;PROD;;;;;;;;;;35;Sa;07:53:11;77;Sa;07:53:16;;;;1;Sa;12:42:35;26;31;Sa;08:14:59;32;Sa;08:18:13;33;Sa;08:28:20;34;Sa;08:40:33;35;Sa;08:44:54;36;Sa;09:02:16;37;Sa;09:06:35;42;Sa;09:13:56;38;Sa;09:21:42;39;Sa;09:23:29;40;Sa;09:29:06;41;Sa;09:31:27;43;Sa;09:32:23;44;Sa;09:44:33;47;Sa;10:03:09;49;Sa;10:04:43;50;Sa;10:34:11;51;Sa;10:51:28;52;Sa;11:26:51;53;Sa;11:39:30;54;Sa;11:43:35;55;Sa;11:57:36;56;Sa;12:15:48;57;Sa;12:25:13;58;Sa;12:31:59;59;Sa;12:39:40;;;;;;;
37;07/06/2014 12:44:03;503410;0;;SATURNE;PROD;;;;;;;;;;35;Sa;07:55:46;77;Sa;07:55:52;;;;1;Sa;12:43:54;25;31;Sa;08:16:13;32;Sa;08:19:15;33;Sa;08:30:40;34;Sa;08:44:16;35;Sa;08:48:58;37;Sa;09:12:24;42;Sa;09:20:12;38;Sa;09:27:44;39;Sa;09:30:14;40;Sa;09:35:57;41;Sa;09:38:05;43;Sa;09:39:05;44;Sa;09:54:29;47;Sa;10:06:54;49;Sa;10:08:27;50;Sa;10:34:23;51;Sa;10:54:30;52;Sa;11:15:47;53;Sa;11:30:37;54;Sa;11:35:21;55;Sa;11:48:14;56;Sa;12:14:07;57;Sa;12:23:02;58;Sa;12:30:48;59;Sa;12:40:23;;;;;;;;;;
38;07/06/2014 12:44:10;503162;0;;SATURNE;PROD;;;;;;;;;;35;Sa;07:46:23;53;Sa;07:46:33;;;;1;Sa;12:43:48;25;31;Sa;08:17:35;32;Sa;08:21:09;33;Sa;08:31:32;34;Sa;08:44:35;35;Sa;08:49:36;36;Sa;09:08:16;37;Sa;09:14:29;38;Sa;09:22:13;39;Sa;09:24:12;40;Sa;09:30:39;41;Sa;09:33:12;43;Sa;09:34:05;44;Sa;09:48:33;47;Sa;10:07:25;49;Sa;10:08:41;50;Sa;10:34:26;51;Sa;10:53:44;52;Sa;11:16:54;53;Sa;11:29:44;54;Sa;11:34:15;55;Sa;11:48:51;56;Sa;12:14:47;57;Sa;12:23:08;58;Sa;12:30:34;59;Sa;12:40:03;;;;;;;;;;
39;07/06/2014 12:44:36;503474;0;;SATURNE;PROD;;;;;;;;;;76;Sa;07:55:52;53;Sa;07:55:56;;;;1;Sa;12:44:25;26;31;Sa;08:15:10;32;Sa;08:18:11;33;Sa;08:28:50;34;Sa;08:44:12;35;Sa;08:49:24;36;Sa;09:11:14;37;Sa;09:16:39;42;Sa;09:24:24;38;Sa;09:33:19;39;Sa;09:35:44;40;Sa;09:42:14;41;Sa;09:44:25;43;Sa;09:45:22;44;Sa;09:59:33;47;Sa;10:15:43;49;Sa;10:17:40;50;Sa;10:42:10;51;Sa;10:59:23;52;Sa;11:19:44;53;Sa;11:31:18;54;Sa;11:34:55;55;Sa;11:52:27;56;Sa;12:14:28;57;Sa;12:23:13;58;Sa;12:30:39;59;Sa;12:40:42;;;;;;;
40;07/06/2014 12:44:45;503104;0;;SATURNE;PROD;;;;;;;;;;76;Sa;07:54:45;53;Sa;07:54:50;;;;1;Sa;12:43:58;24;31;Sa;08:17:31;32;Sa;08:20:41;33;Sa;08:31:37;34;Sa;08:46:29;35;Sa;08:51:40;36;Sa;09:13:11;37;Sa;09:18:55;38;Sa;09:28:10;39;Sa;09:30:44;40;Sa;09:38:26;41;Sa;09:40:54;43;Sa;09:41:59;44;Sa;09:57:20;46;Sa;10:15:06;49;Sa;10:17:23;50;Sa;10:43:34;51;Sa;11:02:32;53;Sa;11:27:01;54;Sa;11:31:31;55;Sa;11:46:56;56;Sa;12:14:13;57;Sa;12:23:11;58;Sa;12:30:42;59;Sa;12:40:19;;;;;;;;;;;;;
41;07/06/2014 12:44:56;503439;0;;SATURNE;PROD;;;;;;;;;;76;Sa;07:54:50;53;Sa;07:54:56;;;;1;Sa;12:44:18;26;31;Sa;08:14:58;32;Sa;08:18:06;33;Sa;08:28:42;34;Sa;08:41:54;34;Sa;08:42:06;35;Sa;08:47:55;36;Sa;09:07:44;37;Sa;09:15:48;42;Sa;09:25:27;38;Sa;09:36:50;39;Sa;09:39:02;40;Sa;09:44:56;41;Sa;09:47:33;43;Sa;09:48:38;44;Sa;10:02:58;45;Sa;10:22:31;49;Sa;10:26:18;50;Sa;10:54:57;51;Sa;11:14:52;53;Sa;11:36:17;54;Sa;11:39:56;55;Sa;11:51:14;56;Sa;12:14:22;57;Sa;12:23:00;58;Sa;12:30:56;59;Sa;12:40:37;;;;;;;
42;07/06/2014 12:45:09;503172;0;;SATURNE;PROD;;;;;;;;;;76;Sa;07:44:20;53;Sa;07:44:26;;;;1;Sa;12:44:35;26;31;Sa;08:14:25;32;Sa;08:17:30;33;Sa;08:27:08;34;Sa;08:40:20;35;Sa;08:44:41;36;Sa;09:02:40;37;Sa;09:07:58;42;Sa;09:15:28;38;Sa;09:21:57;39;Sa;09:23:43;40;Sa;09:29:12;41;Sa;09:31:44;43;Sa;09:32:37;44;Sa;09:47:42;47;Sa;10:03:49;49;Sa;10:08:22;50;Sa;10:31:14;51;Sa;10:48:26;52;Sa;11:10:05;53;Sa;11:24:09;54;Sa;11:29:00;55;Sa;11:45:13;56;Sa;12:08:33;57;Sa;12:15:47;58;Sa;12:31:50;59;Sa;12:41:00;;;;;;;
43;07/06/2014 12:45:50;503156;0;;SATURNE;PROD;;;;;;;;;;35;Sa;07:57:24;77;Sa;07:57:29;;;;1;Sa;12:45:34;22;31;Sa;08:18:00;32;Sa;08:22:03;33;Sa;08:31:48;34;Sa;08:58:34;35;Sa;09:04:10;36;Sa;09:22:16;37;Sa;09:29:28;38;Sa;09:38:00;39;Sa;09:39:46;40;Sa;09:45:48;41;Sa;09:48:18;43;Sa;09:49:17;44;Sa;10:03:50;46;Sa;10:20:47;49;Sa;10:22:17;51;Sa;10:53:22;53;Sa;11:30:35;54;Sa;11:34:53;56;Sa;12:15:23;57;Sa;12:24:09;58;Sa;12:31:55;59;Sa;12:42:01;;;;;;;;;;;;;;;;;;;
44;07/06/2014 12:46:05;503413;0;;SATURNE;PROD;;;;;;;;;;35;Sa;07:43:32;77;Sa;07:43:42;;;;1;Sa;12:45:29;27;31;Sa;08:15:04;32;Sa;08:18:05;33;Sa;08:27:30;34;Sa;08:41:04;35;Sa;08:45:50;36;Sa;09:06:46;37;Sa;09:11:51;42;Sa;09:20:16;38;Sa;09:28:00;39;Sa;09:30:03;40;Sa;09:36:44;41;Sa;09:39:26;41;Sa;09:39:26;43;Sa;09:40:31;44;Sa;09:58:29;47;Sa;10:12:56;49;Sa;10:15:20;50;Sa;10:40:28;51;Sa;10:59:17;52;Sa;11:20:12;53;Sa;11:32:18;54;Sa;11:36:20;55;Sa;11:50:24;56;Sa;12:15:29;57;Sa;12:23:26;58;Sa;12:31:44;59;Sa;12:41:24;;;;
45;07/06/2014 12:46:55;503203;0;;SATURNE;PROD;;;;;;;;;;76;Sa;07:50:23;53;Sa;07:50:28;;;;1;Sa;12:46:32;26;31;Sa;08:14:52;32;Sa;08:17:52;33;Sa;08:26:57;34;Sa;08:42:53;35;Sa;08:49:20;34;Sa;08:52:09;36;Sa;09:30:51;37;Sa;09:35:42;42;Sa;09:48:21;38;Sa;09:56:00;39;Sa;09:58:10;40;Sa;10:03:40;41;Sa;10:06:07;43;Sa;10:07:13;44;Sa;10:22:31;49;Sa;10:25:40;50;Sa;10:52:40;51;Sa;11:09:57;52;Sa;11:29:04;53;Sa;11:40:11;54;Sa;11:43:45;55;Sa;11:58:05;56;Sa;12:19:04;57;Sa;12:27:11;58;Sa;12:34:46;59;Sa;12:43:14;;;;;;;
46;07/06/2014 12:47:30;503654;0;;SATURNE;PROD;;;;;;;;;;35;Sa;07:51:17;77;Sa;07:51:23;;;;1;Sa;12:47:15;28;31;Sa;08:14:43;32;Sa;08:17:37;33;Sa;08:26:21;34;Sa;08:39:13;35;Sa;08:43:45;36;Sa;09:29:47;37;Sa;09:35:49;42;Sa;09:48:40;38;Sa;09:55:50;39;Sa;09:58:04;40;Sa;10:03:26;41;Sa;10:05:58;43;Sa;10:07:09;44;Sa;10:21:05;45;Sa;10:45:39;46;Sa;10:45:40;47;Sa;10:45:46;49;Sa;10:47:51;50;Sa;10:52:42;51;Sa;11:10:07;52;Sa;11:28:32;53;Sa;11:40:04;54;Sa;11:43:37;55;Sa;11:58:01;56;Sa;12:19:07;57;Sa;12:26:58;58;Sa;12:34:32;59;Sa;12:43:18;
47;07/06/2014 12:47:49;503438;0;;SATURNE;PROD;;;;;;;;;;35;Sa;07:55:26;77;Sa;07:55:32;;;;1;Sa;12:47:28;28;31;Sa;08:14:48;31;Sa;08:14:50;32;Sa;08:17:49;33;Sa;08:28:18;34;Sa;08:39:57;35;Sa;08:44:15;36;Sa;09:02:24;37;Sa;09:07:15;42;Sa;09:15:26;38;Sa;09:22:37;39;Sa;09:24:41;40;Sa;09:31:24;41;Sa;09:33:55;43;Sa;09:34:48;44;Sa;09:47:32;47;Sa;10:01:12;49;Sa;10:03:12;50;Sa;10:36:06;51;Sa;10:53:42;52;Sa;11:28:30;53;Sa;11:39:55;54;Sa;11:43:31;55;Sa;12:00:11;56;Sa;12:19:13;56;Sa;12:20:43;57;Sa;12:27:21;58;Sa;12:34:41;59;Sa;12:43:42;
48;07/06/2014 12:48:09;503433;0;;SATURNE;PROD;;;;;;;;;;76;Sa;07:44:36;53;Sa;07:44:42;;;;1;Sa;12:47:44;25;31;Sa;08:16:24;32;Sa;08:19:49;34;Sa;08:45:13;35;Sa;08:49:45;36;Sa;09:10:31;37;Sa;09:14:59;42;Sa;09:22:48;38;Sa;09:31:05;39;Sa;09:33:00;40;Sa;09:38:52;41;Sa;09:40:59;43;Sa;09:41:50;44;Sa;09:55:55;46;Sa;10:10:19;49;Sa;10:11:48;50;Sa;10:36:41;51;Sa;10:56:25;52;Sa;11:27:56;53;Sa;11:40:52;54;Sa;11:43:50;55;Sa;11:54:57;56;Sa;12:15:53;57;Sa;12:25:04;58;Sa;12:32:52;59;Sa;12:43:05;;;;;;;;;;
49;07/06/2014 12:49:34;503635;0;;SATURNE;PROD;;;;;;;;;;35;Sa;07:46:16;77;Sa;07:46:19;;;;1;Sa;12:49:09;26;31;Sa;08:15:09;32;Sa;08:18:15;33;Sa;08:28:36;34;Sa;08:42:38;35;Sa;08:47:44;36;Sa;09:09:56;37;Sa;09:17:14;42;Sa;09:25:26;38;Sa;09:34:31;39;Sa;09:37:14;40;Sa;09:43:41;41;Sa;09:46:03;43;Sa;09:47:01;44;Sa;10:00:01;46;Sa;10:19:19;49;Sa;10:22:05;50;Sa;10:34:33;51;Sa;10:51:50;52;Sa;11:27:50;53;Sa;11:40:40;54;Sa;11:45:02;55;Sa;11:54:37;56;Sa;12:17:32;57;Sa;12:26:30;58;Sa;12:34:39;59;Sa;12:45:13;;;;;;;
50;07/06/2014 12:53:55;503631;0;;SATURNE;PROD;;;;;;;;;;35;Sa;07:57:30;77;Sa;07:57:36;;;;1;Sa;12:53:44;27;31;Sa;08:15:44;32;Sa;08:18:45;33;Sa;08:27:17;34;Sa;08:39:18;35;Sa;08:44:31;36;Sa;09:06:34;37;Sa;09:11:16;42;Sa;09:19:54;42;Sa;09:20:05;38;Sa;09:28:36;39;Sa;09:30:23;40;Sa;09:35:35;41;Sa;09:37:31;43;Sa;09:38:21;44;Sa;09:52:02;47;Sa;10:12:08;49;Sa;10:14:45;50;Sa;10:40:32;51;Sa;10:58:06;52;Sa;11:35:40;53;Sa;11:48:13;54;Sa;11:51:16;55;Sa;12:04:48;56;Sa;12:25:01;57;Sa;12:33:32;58;Sa;12:40:59;59;Sa;12:50:43;;;;
51;07/06/2014 12:56:43;503191;0;;SATURNE;PROD;;;;;;;;;;35;Sa;07:52:16;77;Sa;07:52:21;;;;1;Sa;12:56:31;26;31;Sa;08:17:12;32;Sa;08:20:14;33;Sa;08:29:58;34;Sa;08:45:38;35;Sa;08:49:53;36;Sa;09:08:27;37;Sa;09:16:32;42;Sa;09:24:05;38;Sa;09:31:34;39;Sa;09:33:34;40;Sa;09:38:57;41;Sa;09:41:11;43;Sa;09:42:04;44;Sa;09:55:33;47;Sa;10:12:59;49;Sa;10:15:05;50;Sa;10:37:47;51;Sa;10:56:13;52;Sa;11:35:29;53;Sa;11:47:41;54;Sa;11:51:19;55;Sa;12:05:19;56;Sa;12:26:47;57;Sa;12:34:43;58;Sa;12:43:05;59;Sa;12:52:53;;;;;;;
52;07/06/2014 12:56:49;503479;0;;SATURNE;PROD;;;;;;;;;;76;Sa;07:57:19;53;Sa;07:57:23;;;;1;Sa;12:56:37;26;31;Sa;08:15:21;32;Sa;08:18:09;33;Sa;08:28:39;34;Sa;08:53:57;35;Sa;08:57:59;36;Sa;09:16:01;37;Sa;09:20:36;42;Sa;09:28:42;38;Sa;09:37:13;39;Sa;09:39:21;40;Sa;09:44:49;41;Sa;09:47:14;43;Sa;09:48:11;44;Sa;10:02:16;48;Sa;10:24:01;49;Sa;10:25:42;50;Sa;10:49:15;51;Sa;11:07:05;52;Sa;11:28:46;53;Sa;11:43:07;54;Sa;11:46:40;55;Sa;12:01:20;56;Sa;12:24:55;57;Sa;12:33:55;58;Sa;12:42:32;59;Sa;12:53:00;;;;;;;
53;07/06/2014 12:58:21;503186;0;;SATURNE;PROD;;;;;;;;;;35;Sa;07:43:10;77;Sa;07:43:16;;;;1;Sa;12:58:14;26;31;Sa;08:15:15;32;Sa;08:18:38;33;Sa;08:28:54;34;Sa;08:43:47;35;Sa;08:48:21;36;Sa;09:08:01;37;Sa;09:15:22;42;Sa;09:23:02;38;Sa;09:30:25;39;Sa;09:32:37;40;Sa;09:38:32;41;Sa;09:41:15;43;Sa;09:42:13;44;Sa;09:57:44;48;Sa;10:21:09;49;Sa;10:22:38;50;Sa;10:39:53;51;Sa;10:58:56;52;Sa;11:33:52;53;Sa;11:44:41;54;Sa;11:49:25;55;Sa;12:02:32;56;Sa;12:26:34;57;Sa;12:35:06;58;Sa;12:43:36;59;Sa;12:54:04;;;;;;;
54;07/06/2014 13:01:02;503629;0;;SATURNE;PROD;;;;;;;;;;76;Sa;07:53:18;53;Sa;07:53:25;;;;1;Sa;13:00:54;26;31;Sa;08:15:25;32;Sa;08:18:28;33;Sa;08:28:13;34;Sa;08:42:05;35;Sa;08:46:19;36;Sa;09:06:27;37;Sa;09:10:50;42;Sa;09:19:12;38;Sa;09:27:36;39;Sa;09:29:26;40;Sa;09:35:28;41;Sa;09:37:49;43;Sa;09:40:35;44;Sa;09:53:23;47;Sa;10:27:25;49;Sa;10:34:22;50;Sa;10:53:59;51;Sa;11:11:38;52;Sa;11:47:20;53;Sa;11:57:43;54;Sa;12:00:58;55;Sa;12:14:28;56;Sa;12:34:08;57;Sa;12:41:15;58;Sa;12:48:40;59;Sa;12:57:41;;;;;;;
55;07/06/2014 13:01:08;503218;0;;SATURNE;PROD;;;;;;;;;;35;Sa;07:56:49;77;Sa;07:56:53;;;;1;Sa;13:00:16;26;31;Sa;08:14:57;32;Sa;08:18:04;33;Sa;08:30:56;34;Sa;08:44:02;35;Sa;08:48:25;36;Sa;09:04:36;37;Sa;09:10:27;42;Sa;09:18:00;38;Sa;09:46:19;39;Sa;09:48:19;40;Sa;09:54:54;41;Sa;09:57:07;43;Sa;09:58:00;44;Sa;10:10:13;46;Sa;10:34:18;49;Sa;10:36:00;50;Sa;10:59:41;51;Sa;11:16:33;52;Sa;11:36:59;53;Sa;11:47:29;54;Sa;11:51:40;55;Sa;12:05:53;56;Sa;12:24:50;57;Sa;12:36:13;58;Sa;12:43:54;59;Sa;12:57:15;;;;;;;
56;07/06/2014 13:01:17;503435;0;;SATURNE;PROD;;;;;;;;;;76;Sa;07:50:50;53;Sa;07:50:57;;;;;;;25;31;Sa;08:17:13;32;Sa;08:20:09;33;Sa;08:32:37;34;Sa;08:47:05;35;Sa;08:52:07;36;Sa;09:08:30;37;Sa;09:16:26;42;Sa;09:23:57;38;Sa;09:32:29;39;Sa;09:34:11;40;Sa;09:42:20;41;Sa;09:44:39;43;Sa;09:45:41;44;Sa;09:58:38;46;Sa;10:18:22;49;Sa;10:21:14;50;Sa;10:41:24;51;Sa;11:01:06;53;Sa;11:23:39;51;Sa;11:24:53;54;Sa;12:01:32;55;Sa;12:14:37;56;Sa;12:37:08;58;Sa;12:48:46;59;Sa;12:57:37;;;;;;;;;;
57;07/06/2014 13:01:48;503434;0;;SATURNE;PROD;;;;;;;;;;35;Sa;07:49:38;77;Sa;07:49:47;;;;1;Sa;13:01:23;25;31;Sa;08:18:58;32;Sa;08:22:26;33;Sa;08:32:51;34;Sa;08:50:40;35;Sa;08:56:06;36;Sa;09:20:10;37;Sa;09:25:30;38;Sa;09:34:21;39;Sa;09:36:44;40;Sa;09:43:17;41;Sa;09:45:56;43;Sa;09:46:53;44;Sa;10:04:33;45;Sa;10:21:41;49;Sa;10:23:37;50;Sa;10:34:19;51;Sa;10:54:12;52;Sa;11:19:35;53;Sa;11:33:25;54;Sa;11:36:53;55;Sa;11:52:59;56;Sa;12:20:32;57;Sa;12:35:54;58;Sa;12:46:07;59;Sa;12:56:52;;;;;;;;;;
58;07/06/2014 13:04:41;503456;0;;SATURNE;PROD;;;;;;;;;;76;Sa;07:52:14;53;Sa;07:52:19;;;;1;Sa;13:04:29;24;31;Sa;08:17:58;32;Sa;08:21:48;33;Sa;08:35:18;34;Sa;08:52:04;35;Sa;08:57:26;36;Sa;09:21:47;37;Sa;09:27:18;38;Sa;09:37:47;39;Sa;09:40:00;40;Sa;09:46:44;41;Sa;09:49:17;43;Sa;09:50:27;44;Sa;10:08:45;46;Sa;10:40:30;49;Sa;10:42:10;50;Sa;11:00:43;51;Sa;11:24:39;53;Sa;11:46:12;54;Sa;11:50:49;55;Sa;12:05:02;56;Sa;12:30:08;57;Sa;12:39:28;58;Sa;12:48:31;59;Sa;12:59:47;;;;;;;;;;;;;
59;07/06/2014 13:04:47;503417;0;;SATURNE;PROD;;;;;;;;;;76;Sa;07:57:00;53;Sa;07:57:14;;;;1;Sa;13:04:31;24;31;Sa;08:18:26;32;Sa;08:23:00;33;Sa;08:36:36;34;Sa;08:51:36;35;Sa;08:57:25;36;Sa;09:20:44;37;Sa;09:26:22;38;Sa;09:35:43;39;Sa;09:38:25;40;Sa;09:45:06;41;Sa;09:47:40;43;Sa;09:49:13;44;Sa;10:04:30;45;Sa;10:32:02;49;Sa;10:35:31;50;Sa;11:04:07;51;Sa;11:28:24;53;Sa;11:54:17;54;Sa;11:58:37;55;Sa;12:11:27;56;Sa;12:34:28;57;Sa;12:43:32;58;Sa;12:51:12;59;Sa;13:00:42;;;;;;;;;;;;;
61;07/06/2014 13:05:01;503645;0;;SATURNE;PROD;;;;;;;;;;35;Sa;07:47:26;77;Sa;07:47:32;;;;1;Sa;13:04:35;26;31;Sa;08:14:22;32;Sa;08:17:27;33;Sa;08:26:55;34;Sa;08:40:30;35;Sa;08:45:13;36;Sa;09:07:23;37;Sa;09:11:56;42;Sa;09:22:45;38;Sa;09:31:22;39;Sa;09:46:36;40;Sa;09:56:49;41;Sa;09:58:49;43;Sa;09:59:40;44;Sa;10:13:29;47;Sa;10:38:22;49;Sa;10:41:43;50;Sa;10:57:16;51;Sa;11:15:34;52;Sa;11:36:51;53;Sa;11:50:18;54;Sa;11:56:19;55;Sa;12:11:04;56;Sa;12:33:17;57;Sa;12:43:42;58;Sa;12:51:39;59;Sa;13:01:16;;;;;;;
62;07/06/2014 13:05:43;503656;0;;SATURNE;PROD;;;;;;;;;;35;Sa;07:44:19;77;Sa;07:44:24;;;;1;Sa;13:05:29;21;31;Sa;08:18:54;32;Sa;08:22:54;33;Sa;08:37:50;34;Sa;08:54:47;35;Sa;09:00:31;36;Sa;09:22:20;37;Sa;09:29:39;38;Sa;09:38:56;39;Sa;09:41:39;41;Sa;09:53:04;43;Sa;09:54:34;44;Sa;10:14:49;49;Sa;10:22:44;50;Sa;10:41:35;51;Sa;11:08:00;54;Sa;11:24:43;55;Sa;11:54:19;56;Sa;12:22:26;57;Sa;12:39:41;58;Sa;12:48:52;59;Sa;13:01:05;;;;;;;;;;;;;;;;;;;;;;
63;07/06/2014 13:06:24;504771;0;;SATURNE;PROD;;;;;;;;;;35;Sa;07:54:22;77;Sa;07:54:28;;;;1;Sa;13:05:55;26;31;Sa;08:18:24;32;Sa;08:22:08;33;Sa;08:36:09;34;Sa;08:50:13;35;Sa;08:55:00;36;Sa;09:13:31;37;Sa;09:22:01;42;Sa;09:30:59;38;Sa;09:39:37;39;Sa;09:42:02;40;Sa;09:48:19;41;Sa;09:51:04;43;Sa;09:52:08;44;Sa;10:07:44;46;Sa;10:29:08;49;Sa;10:30:46;50;Sa;10:50:51;51;Sa;11:12:58;52;Sa;11:38:09;53;Sa;11:53:12;54;Sa;11:58:03;55;Sa;12:11:36;56;Sa;12:35:24;57;Sa;12:44:39;58;Sa;12:52:20;59;Sa;13:02:23;;;;;;;
64;07/06/2014 13:06:34;503621;0;;SATURNE;PROD;;;;;;;;;;76;Sa;07:54:07;53;Sa;07:54:12;;;;1;Sa;13:06:25;26;31;Sa;08:18:47;32;Sa;08:22:30;33;Sa;08:35:15;34;Sa;08:50:05;35;Sa;08:55:36;36;Sa;09:15:20;37;Sa;09:21:14;42;Sa;09:31:40;38;Sa;09:40:50;39;Sa;09:43:08;40;Sa;09:50:53;41;Sa;09:53:38;43;Sa;09:54:49;44;Sa;10:10:48;46;Sa;10:29:05;49;Sa;10:30:50;50;Sa;10:46:29;51;Sa;11:07:57;52;Sa;11:34:13;53;Sa;11:48:35;54;Sa;11:55:40;55;Sa;12:11:30;56;Sa;12:35:46;57;Sa;12:44:46;58;Sa;12:52:18;59;Sa;13:02:30;;;;;;;
65;07/06/2014 13:09:37;503605;0;;SATURNE;PROD;;;;;;;;;;76;Sa;07:44:03;53;Sa;07:44:07;;;;1;Sa;13:09:26;27;31;Sa;08:14:29;32;Sa;08:17:23;33;Sa;08:27:03;34;Sa;08:38:55;35;Sa;08:42:03;36;Sa;09:56:46;37;Sa;10:00:26;42;Sa;10:08:29;38;Sa;10:16:51;39;Sa;10:20:00;40;Sa;10:26:08;41;Sa;10:31:35;43;Sa;10:33:04;44;Sa;10:54:10;46;Sa;10:59:52;49;Sa;11:02:15;50;Sa;11:17:59;51;Sa;11:34:33;52;Sa;11:55:02;53;Sa;12:07:36;51;Sa;12:07:49;54;Sa;12:11:02;55;Sa;12:22:49;56;Sa;12:42:31;57;Sa;12:49:23;58;Sa;12:56:53;59;Sa;13:05:47;;;;
66;07/06/2014 13:10:24;503462;0;;SATURNE;PROD;;;;;;;;;;76;Sa;07:53:37;53;Sa;07:53:42;;;;1;Sa;13:09:37;27;31;Sa;08:16:17;32;Sa;08:19:36;33;Sa;08:32:34;34;Sa;08:46:08;35;Sa;08:50:48;36;Sa;09:12:09;37;Sa;09:16:54;42;Sa;09:25:29;38;Sa;09:33:14;39;Sa;09:35:28;40;Sa;09:42:08;41;Sa;09:44:31;43;Sa;09:45:31;44;Sa;09:59:36;47;Sa;10:24:10;49;Sa;10:26:08;50;Sa;10:51:02;51;Sa;11:11:59;54;Sa;11:24:56;52;Sa;11:48:23;53;Sa;11:59:55;54;Sa;12:03:51;55;Sa;12:16:59;56;Sa;12:39:07;57;Sa;12:48:03;58;Sa;12:56:55;59;Sa;13:06:20;;;;
67;07/06/2014 13:10:58;504786;0;;SATURNE;PROD;;;;;;;;;;35;Sa;07:54:57;77;Sa;07:55:02;;;;1;Sa;13:10:50;27;31;Sa;08:14:53;32;Sa;08:18:06;33;Sa;08:29:39;34;Sa;08:48:15;35;Sa;08:54:07;36;Sa;09:11:17;37;Sa;09:16:49;42;Sa;09:24:11;42;Sa;09:24:11;38;Sa;09:31:00;39;Sa;09:32:48;40;Sa;09:38:46;41;Sa;09:41:06;43;Sa;09:42:11;44;Sa;09:54:55;47;Sa;10:16:03;47;Sa;10:16:15;49;Sa;10:19:38;50;Sa;10:49:09;51;Sa;11:06:51;52;Sa;11:25:53;53;Sa;11:37:44;54;Sa;11:42:15;55;Sa;11:58:26;56;Sa;12:18:26;57;Sa;12:25:38;58;Sa;12:32:59;;;;
68;07/06/2014 13:11:08;504775;1;;SATURNE;PROD;;;;;;;;;;76;Sa;07:54:38;53;Sa;07:54:44;;;;1;Sa;13:10:49;25;31;Sa;08:19:09;32;Sa;08:23:21;33;Sa;08:35:11;34;Sa;08:50:25;35;Sa;08:55:56;34;Sa;08:58:44;36;Sa;09:16:45;37;Sa;09:23:19;38;Sa;09:32:34;39;Sa;09:35:09;40;Sa;09:45:43;41;Sa;09:48:09;43;Sa;09:49:28;44;Sa;10:06:57;45;Sa;10:37:24;49;Sa;10:39:32;50;Sa;10:58:02;51;Sa;11:18:55;53;Sa;11:46:09;54;Sa;11:51:28;55;Sa;12:04:43;56;Sa;12:31:18;57;Sa;12:43:03;58;Sa;12:52:28;59;Sa;13:06:18;;;;;;;;;;
69;07/06/2014 13:17:02;503113;0;;SATURNE;PROD;;;;;;;;;;35;Sa;07:51:44;77;Sa;07:51:50;;;;1;Sa;13:16:50;24;31;Sa;08:18:43;32;Sa;08:22:23;33;Sa;08:32:43;34;Sa;08:56:09;35;Sa;09:01:29;36;Sa;09:25:20;37;Sa;09:34:53;38;Sa;09:44:46;39;Sa;09:48:13;40;Sa;09:55:11;41;Sa;09:57:32;43;Sa;09:58:30;44;Sa;10:18:22;47;Sa;10:37:13;49;Sa;10:39:01;50;Sa;11:08:26;51;Sa;11:33:04;53;Sa;11:56:22;54;Sa;12:01:31;55;Sa;12:16:51;56;Sa;12:43:52;57;Sa;12:53:38;58;Sa;13:01:42;59;Sa;13:11:46;;;;;;;;;;;;;
70;07/06/2014 13:17:20;503607;0;;SATURNE;PROD;;;;;;;;;;35;Sa;07:48:08;77;Sa;07:48:14;;;;1;Sa;13:17:04;26;31;Sa;08:14:32;32;Sa;08:17:14;33;Sa;08:26:46;34;Sa;08:40:30;35;Sa;08:44:52;36;Sa;09:03:13;37;Sa;09:09:48;42;Sa;09:18:53;38;Sa;09:28:50;39;Sa;09:30:50;40;Sa;09:39:32;41;Sa;09:41:49;43;Sa;09:43:31;44;Sa;10:16:17;46;Sa;10:53:24;49;Sa;10:57:21;50;Sa;11:18:00;51;Sa;11:35:22;52;Sa;11:53:24;53;Sa;12:05:10;54;Sa;12:09:20;55;Sa;12:25:24;56;Sa;12:47:48;57;Sa;12:56:11;58;Sa;13:03:54;59;Sa;13:13:31;;;;;;;
71;07/06/2014 13:17:24;503101;0;;SATURNE;PROD;;;;;;;;;;76;Sa;07:53:06;53;Sa;07:53:22;;;;1;Sa;13:17:06;27;31;Sa;08:16:34;32;Sa;08:20:05;33;Sa;08:31:15;34;Sa;08:46:39;35;Sa;08:51:56;36;Sa;09:13:20;37;Sa;09:20:02;42;Sa;09:30:04;38;Sa;09:42:23;39;Sa;09:44:27;40;Sa;09:50:25;41;Sa;09:53:32;43;Sa;09:54:37;44;Sa;10:10:55;48;Sa;10:40:38;49;Sa;10:42:07;50;Sa;11:12:05;51;Sa;11:31:10;52;Sa;11:50:33;52;Sa;11:52:11;53;Sa;12:04:11;54;Sa;12:07:55;55;Sa;12:20:18;56;Sa;12:44:49;57;Sa;12:53:44;58;Sa;13:01:49;59;Sa;13:13:37;;;;
72;07/06/2014 13:17:39;503480;0;;SATURNE;PROD;;;;;;;;;;35;Sa;07:55:36;77;Sa;07:55:43;;;;1;Sa;13:17:11;27;31;Sa;08:17:17;32;Sa;08:20:15;33;Sa;08:41:24;34;Sa;08:55:40;35;Sa;09:00:45;36;Sa;09:21:54;37;Sa;09:26:54;42;Sa;09:35:13;38;Sa;09:43:18;39;Sa;09:45:27;40;Sa;09:51:06;41;Sa;09:53:26;43;Sa;09:54:18;44;Sa;10:09:28;46;Sa;10:29:13;49;Sa;10:30:20;50;Sa;10:51:25;51;Sa;11:12:10;54;Sa;11:24:52;52;Sa;11:49:59;53;Sa;12:02:57;54;Sa;12:07:46;55;Sa;12:22:33;56;Sa;12:46:48;57;Sa;12:57:04;58;Sa;13:04:35;59;Sa;13:13:21;;;;
73;07/06/2014 13:18:02;503612;0;;SATURNE;PROD;;;;;;;;;;35;Sa;07:49:57;53;Sa;07:50:05;;;;1;Sa;13:17:36;25;31;Sa;08:17:58;32;Sa;08:21:59;33;Sa;08:41:06;34;Sa;08:55:08;35;Sa;09:01:39;36;Sa;09:22:37;37;Sa;09:29:02;42;Sa;09:38:42;38;Sa;09:48:07;39;Sa;09:51:33;40;Sa;09:58:53;41;Sa;10:01:35;43;Sa;10:02:44;44;Sa;10:21:09;45;Sa;10:46:21;49;Sa;10:48:13;50;Sa;11:09:47;51;Sa;11:33:31;53;Sa;11:58:26;54;Sa;12:02:57;55;Sa;12:16:48;56;Sa;12:43:15;57;Sa;12:54:02;58;Sa;13:03:41;59;Sa;13:13:52;;;;;;;;;;
74;07/06/2014 13:18:14;503618;0;;SATURNE;PROD;;;;;;;;;;76;Sa;07:56:22;53;Sa;07:56:27;;;;1;Sa;13:17:28;25;31;Sa;08:16:35;32;Sa;08:19:44;33;Sa;08:32:09;34;Sa;08:47:36;35;Sa;08:52:18;36;Sa;09:14:32;37;Sa;09:19:39;38;Sa;09:29:28;39;Sa;09:32:20;40;Sa;09:39:25;41;Sa;09:42:03;43;Sa;09:43:30;44;Sa;10:02:01;46;Sa;10:26:34;49;Sa;10:29:19;50;Sa;10:57:43;51;Sa;11:18:39;52;Sa;11:41:52;53;Sa;11:54:20;54;Sa;11:59:08;55;Sa;12:13:41;56;Sa;12:39:58;57;Sa;12:50:19;58;Sa;12:59:17;59;Sa;13:12:40;;;;;;;;;;
75;07/06/2014 13:18:19;503464;0;;SATURNE;PROD;;;;;;;;;;76;Sa;07:52:04;53;Sa;07:52:09;;;;1;Sa;13:17:51;26;31;Sa;08:20:11;32;Sa;08:23:35;33;Sa;08:35:26;34;Sa;08:51:52;35;Sa;08:57:21;36;Sa;09:23:09;37;Sa;09:28:33;42;Sa;09:36:51;38;Sa;09:45:16;39;Sa;09:49:08;40;Sa;09:59:08;41;Sa;10:01:25;43;Sa;10:02:26;44;Sa;10:19:22;46;Sa;10:34:47;49;Sa;10:36:04;50;Sa;10:52:17;51;Sa;11:13:40;52;Sa;11:41:01;53;Sa;11:56:04;54;Sa;12:01:17;55;Sa;12:13:36;56;Sa;12:42:26;57;Sa;12:54:28;58;Sa;13:03:55;59;Sa;13:13:26;;;;;;;
76;07/06/2014 13:18:35;503630;0;;SATURNE;PROD;;;;;;;;;;35;Sa;07:47:07;77;Sa;07:47:14;;;;1;Sa;13:17:52;27;31;Sa;08:19:41;32;Sa;08:23:26;33;Sa;08:33:07;34;Sa;08:46:19;35;Sa;08:51:30;36;Sa;09:11:24;37;Sa;09:18:25;42;Sa;09:28:10;38;Sa;09:36:00;39;Sa;09:38:10;40;Sa;09:44:09;41;Sa;09:46:14;43;Sa;09:47:07;44;Sa;10:02:26;46;Sa;10:26:28;49;Sa;10:27:53;50;Sa;10:51:56;51;Sa;11:10:03;54;Sa;11:25:24;52;Sa;11:52:25;53;Sa;12:07:28;54;Sa;12:11:10;55;Sa;12:20:32;56;Sa;12:46:17;57;Sa;12:56:05;58;Sa;13:04:54;59;Sa;13:13:43;;;;
78;07/06/2014 13:18:45;503437;0;;SATURNE;PROD;;;;;;;;;;35;Sa;07:43:52;77;Sa;07:43:57;;;;1;Sa;13:18:05;26;31;Sa;08:17:04;32;Sa;08:20:36;33;Sa;08:34:22;34;Sa;08:51:06;35;Sa;08:57:01;36;Sa;09:18:52;37;Sa;09:24:15;42;Sa;09:33:37;38;Sa;09:41:46;39;Sa;09:44:48;40;Sa;09:51:32;41;Sa;09:53:54;43;Sa;09:54:58;44;Sa;10:10:48;47;Sa;10:35:20;49;Sa;10:38:01;50;Sa;11:00:36;51;Sa;11:22:12;52;Sa;11:48:36;53;Sa;12:02:43;54;Sa;12:07:20;55;Sa;12:20:22;56;Sa;12:44:59;57;Sa;12:56:41;58;Sa;13:04:44;59;Sa;13:14:34;;;;;;;
79;07/06/2014 13:18:59;503214;0;;SATURNE;PROD;;;;;;;;;;76;Sa;07:51:40;53;Sa;07:51:47;;;;1;Sa;13:17:37;25;31;Sa;08:17:29;32;Sa;08:21:04;33;Sa;08:32:29;34;Sa;08:47:34;35;Sa;08:53:13;36;Sa;09:15:27;37;Sa;09:23:25;42;Sa;09:33:28;38;Sa;09:46:09;39;Sa;09:49:02;40;Sa;09:56:28;41;Sa;09:59:24;43;Sa;10:00:30;44;Sa;10:17:06;45;Sa;10:43:23;49;Sa;10:53:49;50;Sa;11:13:06;51;Sa;11:36:51;53;Sa;11:58:20;54;Sa;12:02:20;55;Sa;12:16:21;56;Sa;12:40:27;57;Sa;12:49:47;58;Sa;12:59:23;59;Sa;13:12:35;;;;;;;;;;
80;07/06/2014 13:19:48;503415;0;;SATURNE;PROD;;;;;;;;;;76;Sa;07:51:30;53;Sa;07:51:35;;;;1;Sa;13:19:40;27;31;Sa;08:15:50;32;Sa;08:18:56;33;Sa;08:30:11;34;Sa;08:48:25;35;Sa;08:53:32;36;Sa;09:13:44;37;Sa;09:21:13;42;Sa;09:28:49;38;Sa;09:38:09;39;Sa;09:40:04;40;Sa;09:45:57;41;Sa;09:48:25;43;Sa;09:49:36;44;Sa;10:07:11;46;Sa;10:29:26;49;Sa;10:31:56;50;Sa;10:52:36;51;Sa;11:12:36;54;Sa;11:25:15;52;Sa;11:49:28;53;Sa;12:02:55;54;Sa;12:06:38;55;Sa;12:18:22;56;Sa;12:42:34;57;Sa;12:55:56;58;Sa;13:03:49;59;Sa;13:14:47;;;;
81;07/06/2014 13:22:28;503188;0;;SATURNE;PROD;;;;;;;;;;76;Sa;07:53:47;53;Sa;07:53:53;;;;1;Sa;13:21:59;25;31;Sa;08:16:15;32;Sa;08:19:42;33;Sa;08:30:31;34;Sa;08:45:02;35;Sa;08:50:09;36;Sa;09:14:22;37;Sa;09:19:09;38;Sa;09:30:51;39;Sa;09:32:53;40;Sa;09:39:12;41;Sa;09:42:08;43;Sa;09:43:04;44;Sa;10:00:51;46;Sa;10:26:13;49;Sa;10:27:47;50;Sa;10:51:35;51;Sa;11:10:58;52;Sa;11:35:25;53;Sa;11:51:41;54;Sa;11:55:36;55;Sa;12:10:25;56;Sa;12:36:43;57;Sa;12:58:23;58;Sa;13:07:46;59;Sa;13:18:56;;;;;;;;;;
82;07/06/2014 13:22:34;503217;0;;SATURNE;PROD;;;;;;;;;;76;Sa;07:55:44;53;Sa;07:55:48;;;;1;Sa;13:22:00;23;31;Sa;08:15:26;32;Sa;08:18:51;33;Sa;08:32:46;34;Sa;08:51:14;35;Sa;08:56:21;37;Sa;09:34:06;38;Sa;09:42:26;39;Sa;09:45:12;40;Sa;09:51:22;41;Sa;09:55:07;43;Sa;09:56:14;44;Sa;10:13:07;46;Sa;10:43:20;49;Sa;10:45:14;50;Sa;11:12:03;51;Sa;11:33:47;53;Sa;11:55:33;54;Sa;11:59:37;55;Sa;12:14:06;56;Sa;12:40:53;57;Sa;12:58:52;58;Sa;13:08:05;59;Sa;13:18:47;;;;;;;;;;;;;;;;
83;07/06/2014 13:23:58;503602;0;;SATURNE;PROD;;;;;;;;;;35;Sa;07:45:38;77;Sa;07:45:42;;;;1;Sa;13:23:48;22;31;Sa;08:18:12;32;Sa;08:21:38;33;Sa;08:32:55;34;Sa;08:49:52;35;Sa;08:55:06;36;Sa;09:18:02;37;Sa;09:25:40;38;Sa;09:36:54;39;Sa;09:39:59;40;Sa;09:46:35;41;Sa;09:49:05;43;Sa;09:50:14;44;Sa;10:08:49;45;Sa;10:31:58;49;Sa;10:34:10;50;Sa;11:01:34;51;Sa;11:23:46;53;Sa;11:51:19;54;Sa;11:57:51;55;Sa;12:10:49;56;Sa;12:51:47;57;Sa;13:01:22;;;;;;;;;;;;;;;;;;;
84;07/06/2014 13:26:54;503193;0;;SATURNE;PROD;;;;;;;;;;35;Sa;07:45:59;77;Sa;07:46:06;;;;1;Sa;13:26:39;26;31;Sa;08:18:31;32;Sa;08:22:20;33;Sa;08:33:37;34;Sa;08:50:21;35;Sa;08:56:46;36;Sa;09:18:00;37;Sa;09:25:26;42;Sa;09:35:38;38;Sa;09:44:06;39;Sa;09:46:23;40;Sa;09:55:27;41;Sa;09:57:57;43;Sa;09:58:58;44;Sa;10:17:39;45;Sa;10:43:32;49;Sa;10:45:11;50;Sa;11:06:11;51;Sa;11:28:26;52;Sa;11:53:03;53;Sa;12:06:53;54;Sa;12:12:04;55;Sa;12:23:57;56;Sa;12:52:41;57;Sa;13:01:57;58;Sa;13:11:31;59;Sa;13:22:22;;;;;;;
85;07/06/2014 13:27:43;503641;0;;SATURNE;PROD;;;;;;;;;;76;Sa;07:49:47;53;Sa;07:49:52;;;;1;Sa;13:27:03;27;31;Sa;08:15:49;32;Sa;08:18:55;33;Sa;08:29:53;34;Sa;08:45:48;35;Sa;08:50:58;36;Sa;09:11:01;37;Sa;09:19:28;42;Sa;09:28:53;38;Sa;09:37:32;39;Sa;09:39:44;40;Sa;09:46:06;41;Sa;09:48:38;43;Sa;09:49:44;44;Sa;10:06:12;47;Sa;10:24:22;49;Sa;10:26:43;50;Sa;10:51:29;51;Sa;11:11:52;54;Sa;11:25:52;52;Sa;11:50:42;53;Sa;12:03:56;54;Sa;12:07:51;55;Sa;12:21:10;56;Sa;12:46:40;57;Sa;12:59:12;58;Sa;13:09:36;59;Sa;13:23:11;;;;
86;07/06/2014 13:30:33;504790;0;;SATURNE;PROD;;;;;;;;;;76;Sa;07:52:30;53;Sa;07:52:43;;;;1;Sa;13:30:25;26;31;Sa;08:17:52;32;Sa;08:21:43;33;Sa;08:33:24;34;Sa;08:51:42;35;Sa;08:57:18;36;Sa;09:24:20;37;Sa;09:28:01;42;Sa;09:35:51;38;Sa;09:44:58;39;Sa;09:46:58;40;Sa;09:52:53;41;Sa;09:55:05;43;Sa;09:55:49;44;Sa;10:13:20;46;Sa;10:45:50;49;Sa;10:47:55;50;Sa;11:16:39;51;Sa;11:37:03;52;Sa;11:59:29;53;Sa;12:11:53;54;Sa;12:16:53;55;Sa;12:27:46;56;Sa;12:54:20;57;Sa;13:03:52;58;Sa;13:12:29;59;Sa;13:24:15;;;;;;;
87;07/06/2014 13:30:37;503142;0;;SATURNE;PROD;;;;;;;;;;76;Sa;07:48:39;53;Sa;07:48:44;;;;1;Sa;13:30:27;25;31;Sa;08:14:54;32;Sa;08:17:56;33;Sa;08:28:31;34;Sa;08:43:04;35;Sa;08:47:42;36;Sa;09:07:14;37;Sa;09:13:04;42;Sa;09:20:48;38;Sa;09:32:19;39;Sa;09:36:00;40;Sa;09:42:34;41;Sa;09:44:49;43;Sa;09:45:47;44;Sa;10:02:09;45;Sa;10:18:38;49;Sa;10:21:01;50;Sa;10:52:09;51;Sa;11:11:34;53;Sa;11:53:48;54;Sa;11:59:23;55;Sa;12:14:05;56;Sa;12:41:15;57;Sa;13:03:39;58;Sa;13:15:45;59;Sa;13:26:38;;;;;;;;;;
88;07/06/2014 13:30:58;504770;0;;SATURNE;PROD;;;;;;;;;;76;Sa;07:53:13;53;Sa;07:53:17;;;;1;Sa;13:30:37;25;31;Sa;08:19:01;32;Sa;08:22:22;33;Sa;08:35:22;34;Sa;08:52:48;35;Sa;08:59:07;36;Sa;09:24:49;37;Sa;09:29:22;42;Sa;09:37:41;38;Sa;09:47:35;39;Sa;09:50:01;40;Sa;09:56:58;41;Sa;09:59:46;43;Sa;10:00:53;44;Sa;10:19:37;49;Sa;10:45:34;50;Sa;10:55:07;51;Sa;11:21:35;52;Sa;11:47:13;53;Sa;12:01:46;54;Sa;12:07:00;55;Sa;12:21:18;56;Sa;12:50:53;57;Sa;13:03:51;58;Sa;13:12:44;59;Sa;13:26:00;;;;;;;;;;
89;07/06/2014 13:36:24;503114;0;;SATURNE;PROD;;;;;;;;;;76;Sa;07:43:42;53;Sa;07:43:47;;;;1;Sa;13:36:05;27;31;Sa;08:15:28;32;Sa;08:19:01;33;Sa;08:30:01;34;Sa;08:49:06;35;Sa;08:55:33;36;Sa;09:20:17;37;Sa;09:25:33;42;Sa;09:35:25;39;Sa;09:40:06;38;Sa;09:42:28;40;Sa;09:51:12;41;Sa;09:53:45;43;Sa;09:54:44;44;Sa;10:14:06;47;Sa;10:40:21;49;Sa;10:41:57;50;Sa;11:06:43;51;Sa;11:27:32;52;Sa;11:55:00;52;Sa;11:55:10;53;Sa;12:13:28;54;Sa;12:17:30;55;Sa;12:29:51;56;Sa;13:00:36;57;Sa;13:12:28;58;Sa;13:21:14;59;Sa;13:31:49;;;;
90;07/06/2014 13:37:48;503105;0;;SATURNE;PROD;;;;;;;;;;76;Sa;07:43:27;53;Sa;07:43:32;;;;1;Sa;13:37:39;25;31;Sa;08:17:34;32;Sa;08:20:54;33;Sa;08:33:05;34;Sa;08:48:44;35;Sa;08:53:53;36;Sa;09:15:23;37;Sa;09:25:24;42;Sa;09:34:11;38;Sa;09:42:42;39;Sa;09:44:59;40;Sa;09:52:44;41;Sa;09:55:30;43;Sa;09:56:28;44;Sa;10:13:49;49;Sa;10:33:28;50;Sa;10:59:48;51;Sa;11:22:17;52;Sa;11:51:35;53;Sa;12:12:02;54;Sa;12:16:34;55;Sa;12:31:34;56;Sa;12:59:56;57;Sa;13:13:10;58;Sa;13:22:20;59;Sa;13:33:15;;;;;;;;;;
91;07/06/2014 13:37:58;503123;0;;SATURNE;PROD;;;;;;;;;;76;Sa;07:49:29;53;Sa;07:49:37;;;;1;Sa;13:37:52;25;31;Sa;08:18:03;32;Sa;08:22:00;33;Sa;08:34:01;34;Sa;08:51:53;35;Sa;08:58:06;36;Sa;09:22:06;37;Sa;09:29:48;42;Sa;09:39:08;38;Sa;09:49:15;39;Sa;09:52:11;40;Sa;10:00:15;41;Sa;10:02:59;43;Sa;10:04:16;44;Sa;10:22:47;46;Sa;10:46:51;49;Sa;10:48:23;50;Sa;11:15:09;51;Sa;11:38:19;52;Sa;12:02:35;53;Sa;12:16:53;54;Sa;12:21:22;55;Sa;12:33:25;57;Sa;13:11:09;58;Sa;13:21:03;59;Sa;13:33:09;;;;;;;;;;
92;07/06/2014 13:38:24;503199;0;;SATURNE;PROD;;;;;;;;;;76;Sa;07:46:39;53;Sa;07:46:45;;;;1;Sa;13:38:09;26;31;Sa;08:18:50;32;Sa;08:22:33;33;Sa;08:33:57;34;Sa;08:51:10;35;Sa;08:56:42;36;Sa;09:17:46;37;Sa;09:24:26;42;Sa;09:33:35;38;Sa;09:42:24;39;Sa;09:45:08;40;Sa;09:51:54;41;Sa;09:54:31;43;Sa;09:55:34;44;Sa;10:13:07;45;Sa;10:43:31;49;Sa;10:45:19;50;Sa;11:16:52;51;Sa;11:37:08;52;Sa;12:00:03;53;Sa;12:13:41;54;Sa;12:17:37;55;Sa;12:33:46;56;Sa;13:01:05;57;Sa;13:11:43;58;Sa;13:21:09;59;Sa;13:33:04;;;;;;;